{"baidu": {"client Cipher Suites": 1556.1400000000128, "server Random": 338.6400000000027, "TCP segment Data": 172.26000000000005, "Encrypted Handshake Message": 308.26000000000136, "client extended_master_secret": 331.0, "client Extensions length": 206.46000000000103, "client signature_algorithms": 121.04000000000002, "client server_name": 1163.16, "client status_request": 3.0, "client SessionTicket_TLS": 11.0, "client supported_groups": 15.0, "Encrypted Application Data": 1080.5299999999925, "client key_sharing": 6.179999999999999, "client ec_point_formats": 134.0, "client renegotiation_info": 19.0, "TCP": 1.71, "client Compression Methods Length": 21.389999999999997, "client Session ID": 0.68, "Content Type": 0.35, "server Content Type": 1.0}, "mail": {"client Extensions length": 514.3000000000043, "client extended_master_secret": 412.26000000000613, "client renegotiation_info": 490.78000000000225, "client pre_shared_key": 145.85000000000002, "client Compression Methods Length": 75.47999999999998, "client server_name": 369.9600000000043, "client padding": 206.00000000000185, "TCP segment Data": 410.89999999999833, "server Session ID": 274.37999999999863, "server Extensions length": 419.0, "client SessionTicket_TLS": 116.94000000000058, "server application_layer_protocol_negotiation": 450.989999999999, "Encrypted Handshake Message": 64.74000000000004, "client Cipher Suites": 125.31999999999964, "client signature_algorithms": 162.38000000000008, "client supported_groups": 33.499999999999986, "server Content Type": 2.0, "client status_request": 32.939999999999976, "client 51914: unknown value extension_type": 0.74, "client Reserved(\"GRAESE\")": 8.14, "client 39578: unknown value extension_type": 0.74, "client 43690: unknown value extension_type": 0.74, "client 56026: unknown value extension_type": 0.74, "client 27242: unknown value extension_type": 0.74, "server extended_master_secret": 1.0, "server Version": 0.36, "server Random": 32.169999999999995, "client ec_point_formats": 7.240000000000001, "server server_name": 2.8899999999999997, "server ec_point_formats": 4.0, "client 28: unknown value extension_type": 1.63, "server renegotiation_info": 2.89, "server SessionTicket_TLS": 4.41, "TCP": 11.41, "server Session ID Length": 1.0, "client application_layer_protocol_negotiation": 0.8, "Encrypted Application Data": 1.63, "Content Type": 0.63, "Length": 1.0, "client Session ID": 0.63, "server Compression Methods": 1.0}, "qq": {"client Cipher Suites": 3247.5799999999495, "client Extensions length": 388.61000000000377, "client signature_algorithms": 511.53000000000367, "client supported_versions": 328.35000000000076, "client padding": 568.3500000000151, "server Session ID Length": 780.9999999999932, "server application_layer_protocol_negotiation": 756.1600000000105, "Encrypted Handshake Message": 1488.490000000024, "TCP segment Data": 2687.87000000001, "Version": 78.37999999999997, "client status_request": 195.8100000000012, "server Version": 53.91999999999988, "server Cipher Suite": 842.3100000000114, "server server_name": 79.45999999999995, "server renegotiation_info": 230.21999999999946, "client SessionTicket_TLS": 392.02000000000226, "client server_name": 112.4499999999995, "server HandShake Length": 14.059999999999988, "client application_layer_protocol_negotiation": 134.9700000000005, "server Random": 86.8999999999998, "client key_sharing": 212.5900000000024, "server ec_point_formats": 123.20999999999984, "client encrypt_then_mac": 3.7000000000000006, "client extended_master_secret": 63.059999999999754, "Length": 21.370000000000008, "client renegotiation_info": 61.06999999999997, "Content Type": 11.850000000000001, "client Compression Methods Length": 328.42000000000263, "client signed_certificate_timestamp": 19.609999999999992, "server key_sharing": 66.55999999999986, "server next_protocol_negotiation": 55.09999999999988, "server extended_master_secret": 81.98999999999997, "client psk_key_exchange_modes": 56.179999999999794, "server Session ID": 41.51999999999996, "Encrypted Application Data": 82.85999999999999, "server Length": 4.930000000000001, "client supported_groups": 21.549999999999986, "client ec_point_formats": 1.9, "server HandShake Type": 3.12, "server Content Type": 6.660000000000001, "client 24: unknown value extension_type": 0.74, "client Reserved(\"GRAESE\")": 23.76, "client compress_certificate": 12.829999999999991, "server Extensions length": 0.48, "client 39578: unknown value extension_type": 3.0500000000000003, "client 43690: unknown value extension_type": 2.38, "client 23130: unknown value extension_type": 2.46, "TCP": 87.36999999999992, "client 31354: unknown value extension_type": 1.5999999999999999, "client 27242: unknown value extension_type": 3.0100000000000002, "client 56026: unknown value extension_type": 3.0500000000000003, "client pre_shared_key": 32.419999999999995, "server pre_shared_key": 0.64, "client Compression Methods": 5.0}}