{"baidu": {"client Random": 1057.3500000000358, "client Cipher SuitesTLS_ECDHE_ECDSA_WITH_AES_256_CBC_SHA384": 29.63999999999998, "client Cipher SuitesTLS_DHE_DSS_WITH_AES_256_CBC_SHA256": 16.09999999999999, "client Cipher SuitesTLS_DH_RSA_WITH_AES_256_CBC_SHA": 44.16000000000002, "client Cipher SuitesTLS_RSA_WITH_AES_256_CBC_SHA256": 244.67000000000058, "client Cipher SuitesTLS_DHE_RSA_WITH_SEED_CBC_SHA": 20.240000000000006, "client signature_algorithms": 134.62999999999954, "server Session ID": 541.0299999999996, "server Compression Methods": 177.59000000000177, "TCP": 1092.0699999999842, "Length": 119.44000000000058, "Encrypted Application Data": 4102.72999999971, "client Session ID": 1089.1400000000226, "client Cipher SuitesReserved(GREASE)0x0A0A": 20.159999999999997, "client Cipher SuitesRSA_WITH_AES_256_GCM_SHA384": 256.31999999999965, "client renegotiation_info": 145.19999999999948, "client application_layer_protocol_negotiation": 136.0, "client Cipher SuitesReserved(GREASE)0xBABA": 25.92, "client Cipher SuitesReserved(GREASE)0xEAEA": 24.96, "client Cipher SuitesReserved(GREASE)0xAAAA": 23.04, "client Cipher SuitesReserved(GREASE)0x9A9A": 18.239999999999995, "client supported_versions": 58.5, "server application_layer_protocol_negotiation": 57.239999999999974, "client Cipher SuitesReserved(GREASE)0x4A4A": 22.08, "Version": 27.65, "client Cipher SuitesReserved(GREASE)0x7A7A": 24.0, "client Cipher SuitesReserved(GREASE)0x3A3A": 18.239999999999995, "client Cipher SuitesReserved(GREASE)0xCACA": 16.319999999999993, "client Cipher SuitesReserved(GREASE)0xDADA": 23.04, "client Cipher SuitesReserved(GREASE)0x6A6A": 20.159999999999997, "client Cipher SuitesReserved(GREASE)0x2A2A": 18.239999999999995, "client Cipher SuitesReserved(GREASE)0x5A5A": 30.720000000000006, "client Cipher SuitesTLS_ECDHE_RSA_WITH_AES_128_GCM_SHA256": 82.0799999999999, "client Cipher SuitesTLS_ECDHE_ECDSA_WITH_AES_128_CBC_SHA": 76.99999999999997, "client server_name": 664.0000000000166, "client Cipher SuitesReserved(GREASE)0x8A8A": 12.479999999999995, "client Cipher SuitesReserved(GREASE)0xFAFA": 24.96, "client Cipher SuitesReserved(GREASE)0x1A1A": 20.159999999999997, "client Cipher SuitesTLS_ECDHE_RSA_WITH_CHACHA20_POLY1305_SHA256": 0.72, "client Cipher SuitesTLS_RSA_WITH_3DES_EDE_CBC_SHA": 8.509999999999998, "client SessionTicket_TLS": 17.14, "client next_protocol_negotiation": 0.44, "client Cipher SuitesTLS_ECDHE_ECDSA_WITH_AES_128_GCM_SHA256": 17.319999999999993, "client Extensions length": 9.36, "client Cipher SuitesTLS_ECDHE_RSA_WITH_AES_128_CBC_SHA": 727.1200000000175, "client Cipher SuitesTLS_ECDHE_ECDSA_WITH_AES_128_CBC_SHA256": 2.45, "client Cipher SuitesRSA_WITH_AES_256_CBC_SHA": 17.629999999999992, "client ec_point_formats": 0.88, "client Cipher SuitesTLS_RSA_WITH_AES_128_CBC_SHA256": 1.75, "client supported_groups": 24.760000000000012, "client extended_master_secret": 37.77000000000002, "client Cipher SuitesTLS_EMPTY_RENEGOTIATION_INFO_SCSV": 962.8800000000274, "server renegotiation_info": 489.0, "client Cipher SuitesTLS_AES_128_GCM_SHA256": 64.32000000000004, "client Cipher SuitesTLS_ECDHE_RSA_WITH_AES_128_CBC_SHA256": 21.010000000000012, "server Length": 1.3699999999999999, "Change Cipher Spec Message": 5.45, "client Cipher SuitesRSA_WITH_AES_128_GCM_SHA256": 50.16000000000001, "client key_sharing": 21.999999999999996, "client Cipher SuitesTLS_ECDHE_RSA_WITH_AES_256_CBC_SHA384": 69.12, "client Cipher SuitesRSA_WITH_AES_128_CBC_SHA": 66.95999999999994, "server Cipher Suite": 36.0, "client Cipher SuitesTLS_DHE_DSS_WITH_AES_256_CBC_SHA": 2.1599999999999997, "client Cipher SuitesTLS_ECDH_ECDSA_WITH_AES_256_CBC_SHA": 2.1, "client Cipher SuitesTLS_DHE_RSA_WITH_AES_128_CBC_SHA": 5.76, "client Cipher SuitesTLS_ECDH_ECDSA_WITH_AES_128_CBC_SHA": 4.319999999999999, "client Compression Methods Length": 3.0, "client Cipher SuitesTLS_ECDHE_ECDSA_WITH_AES_256_GCM_SHA384": 0.7, "client Cipher SuitesTLS_DHE_DSS_WITH_AES_128_CBC_SHA": 1.92, "client compress_certificate": 4.5, "client status_request": 2.38, "client channel_id": 1.5, "client Cipher SuitesTLS_ECDHE_RSA_WITH_AES_256_GCM_SHA384": 17.639999999999993, "client Cipher SuitesTLS_ECDHE_RSA_WITH_AES_256_CBC_SHA": 0.35, "client Cipher SuitesTLS_DH_DSS_WITH_AES_256_CBC_SHA256": 12.960000000000003, "server ec_point_formats": 15.39000000000001, "server server_name": 10.0, "client signed_certificate_timestamp": 1.0, "client Cipher SuitesTLS_ECDHE_ECDSA_WITH_AES_256_CBC_SHA": 0.36, "client Compression Methods": 0.6, "Content Type": 0.75, "client padding": 4.5, "server Version": 1.0, "server HandShake Type": 0.43, "server Random": 0.31}, "mail": {"client Cipher SuitesRSA_WITH_AES_128_GCM_SHA256": 741.0, "client extended_master_secret": 234.78000000000267, "server Length": 13.21, "server Random": 25.460000000000015, "server supported_versions": 21.5, "client server_name": 267.42000000000183, "TCP": 702.4500000000097, "server key_sharing": 264.16000000000065, "Length": 28.129999999999953, "Encrypted Application Data": 135.77999999999963, "server application_layer_protocol_negotiation": 8.81, "Change Cipher Spec Message": 5.929999999999999, "client Cipher SuitesRSA_WITH_AES_256_GCM_SHA384": 55.0, "client Cipher SuitesTLS_ECDHE_RSA_WITH_AES_128_CBC_SHA": 3.0, "client renegotiation_info": 16.769999999999992, "client status_request": 3.58, "client signature_algorithms": 36.97999999999998, "client Cipher SuitesRSA_WITH_AES_256_CBC_SHA": 18.0, "client Extensions length": 4.0, "client supported_groups": 1.72, "client ec_point_formats": 4.44, "server Version": 3.1100000000000003, "client Cipher SuitesTLS_ECDHE_RSA_WITH_AES_256_CBC_SHA": 164.0, "server server_name": 0.33, "server ec_point_formats": 0.6799999999999999, "Content Type": 1.6500000000000001, "server extended_master_secret": 1.0499999999999998, "Version": 26.0, "server Session ID": 7.02, "server Extensions length": 3.75, "server renegotiation_info": 3.9800000000000004, "server SessionTicket_TLS": 4.180000000000001, "client pre_shared_key": 14.529999999999996, "server Compression Methods": 1.0, "server HandShake Length": 2.45, "server Cipher Suite": 3.5, "server Content Type": 1.32, "client Cipher SuitesTLS_ECDHE_ECDSA_WITH_CHACHA20_POLY1305_SHA256": 0.33, "client Cipher SuitesRSA_WITH_AES_128_CBC_SHA": 0.35, "client SessionTicket_TLS": 0.5}, "qq": {"client Cipher Suites Length": 834.1200000000265, "client Cipher SuitesReserved(GREASE)0xFAFA": 23.760000000000016, "client Cipher SuitesTLS_AES_256_GCM_SHA384": 917.6399999999975, "client Cipher SuitesTLS_ECDHE_ECDSA_WITH_CHACHA20_POLY1305_SHA256": 395.69999999999385, "client Cipher SuitesRSA_WITH_AES_256_CBC_SHA": 981.8400000000163, "client supported_groups": 2617.409999999971, "client Reserved(\"GRAESE\")": 52.400000000000055, "server Extensions length": 480.73999999999427, "Version": 198.4099999999998, "Encrypted Application Data": 3075.080000000088, "client renegotiation_info": 386.6499999999972, "client compress_certificate": 241.9200000000008, "TCP": 5988.540000000147, "client Cipher SuitesReserved(GREASE)0x2A2A": 29.04000000000003, "client Cipher SuitesTLS_RSA_WITH_AES_128_CBC_SHA256": 37.539999999999964, "client Cipher SuitesTLS_RSA_WITH_3DES_EDE_CBC_SHA": 299.32999999999925, "client server_name": 2936.2099999999778, "client signature_algorithms": 356.08000000000203, "client Cipher SuitesReserved(GREASE)0x0A0A": 31.68000000000004, "client Cipher SuitesReserved(GREASE)0x3A3A": 25.960000000000022, "client extended_master_secret": 238.52000000000137, "client Cipher SuitesReserved(GREASE)0x5A5A": 25.960000000000022, "client 51914: unknown value extension_type": 5.360000000000001, "client Cipher SuitesTLS_DHE_DSS_WITH_AES_256_CBC_SHA": 99.95999999999985, "client Cipher SuitesTLS_DH_RSA_WITH_AES_256_CBC_SHA": 86.24999999999976, "client Cipher SuitesTLS_DHE_RSA_WITH_CAMELLIA_256_CBC_SHA": 124.8000000000001, "client Cipher SuitesTLS_ECDH_RSA_WITH_AES_256_CBC_SHA384": 95.23000000000033,